"iso_code"	"country"	"population"	"gdp"	"biofuel_elec_per_capita"	"biofuel_electricity"	"biofuel_share_elec"	"carbon_intensity_elec"	"coal_elec_per_capita"	"coal_electricity"	"coal_share_elec"	"electricity_demand"	"electricity_generation"	"fossil_elec_per_capita"	"fossil_electricity"	"fossil_share_elec"	"gas_elec_per_capita"	"gas_electricity"	"gas_share_elec"	"greenhouse_gas_emissions"	"hydro_elec_per_capita"	"hydro_electricity"	"hydro_share_elec"	"low_carbon_elec_per_capita"	"low_carbon_electricity"	"low_carbon_share_elec"	"net_elec_imports"	"net_elec_imports_share_demand"	"nuclear_elec_per_capita"	"nuclear_electricity"	"nuclear_share_elec"	"oil_elec_per_capita"	"oil_electricity"	"oil_share_elec"	"other_renewable_electricity"	"other_renewables_elec_per_capita"	"per_capita_electricity"	"renewables_elec_per_capita"	"renewables_electricity"	"renewables_share_elec"	"solar_electricity"	"solar_share_elec"	"wind_elec_per_capita"	"wind_electricity"	"wind_share_elec"	"income_group"	"world_bank_region"
"AFG"	"Afghanistan"	41128772	53303472128	0	0	0	132.53	0.729	0.03	3.614	6.71	0.83	3.161	0.13	15.663	0	0	0	0.11	15.075	0.62	74.699	17.02	0.7	84.337	5.88	87.63	0	0	0	2.431	0.1	12.048	0	0	20.181	17.02	0.7	84.337	0.08	9.639	0	0	0	"Low income"	"South Asia"
"AGO"	"Angola"	35588996	158346248192	1.405	0.05	0.295	174.734	0	0	0	16.94	16.94	118.857	4.23	24.97	46.925	1.67	9.858	2.96	355.166	12.64	74.616	357.133	12.71	75.03	0	0	0	0	0	71.932	2.56	15.112	0.05	1.405	475.99	357.133	12.71	75.03	0.02	0.118	0	0	0	"Lower middle income"	"Sub-Saharan Africa"
"ALB"	"Albania"	2842318	36171005952	0	0	0	24.286	0	0	0	7.92	7	0	0	0	0	0	0	0.17	2448.706	6.96	99.429	2462.779	7	100	0.92	11.616	0	0	0	0	0	0	0	0	2462.779	2462.779	7	100	0.04	0.571	0	0	0	"Upper middle income"	"Europe & Central Asia"
"ARE"	"United Arab Emirates"	9441138	779701518336	1.059	0.01	0.006	561.135	0	0	0	154.95	154.74	13522.734	127.67	82.506	13522.734	127.67	82.506	86.83	NA	NA	NA	2867.239	27.07	17.494	0.21	0.136	2128.981	20.1	12.99	0	0	0	0.007	0.774	16389.973	738.258	6.97	4.504	6.96	4.498	0	0	0	"High income"	"Middle East & North Africa"
"ARG"	"Argentina"	45510324	854914301952	51.417	2.34	1.551	394.616	47.022	2.14	1.419	163.71	150.83	2197.963	100.03	66.32	1767.072	80.42	53.318	59.52	524.936	23.89	15.839	1116.23	50.8	33.68	12.88	7.868	164.139	7.47	4.953	383.869	17.47	11.583	2.341	51.438	3314.193	952.092	43.33	28.728	2.94	1.949	311.138	14.16	9.388	"Upper middle income"	"Latin America & Caribbean"
"ARM"	"Armenia"	2780472	39721734144	0	0	0	264.538	0	0	0	8.01	8.77	1370.271	3.81	43.444	1370.271	3.81	43.444	2.32	719.302	2	22.805	1783.87	4.96	56.556	-0.76	-9.488	945.883	2.63	29.989	0	0	0	0	0	3154.141	837.987	2.33	26.568	0.33	3.763	0	0	0	"Upper middle income"	"Europe & Central Asia"
"ATG"	"Antigua and Barbuda"	93772	NA	0	0	0	611.111	0	0	0	0.36	0.36	3625.816	0.34	94.444	0	0	0	0.22	0	0	0	213.283	0.02	5.556	0	0	0	0	0	3625.816	0.34	94.444	0	0	3839.099	213.283	0.02	5.556	0.02	5.556	0	0	0	"High income"	"Latin America & Caribbean"
"AUS"	"Australia"	26177410	1344251494400	124.153	3.25	1.188	570.353	5001.641	130.93	47.863	273.55	273.55	6978.918	182.69	66.785	1768.319	46.29	16.922	156.02	653.999	17.12	6.258	3470.932	90.86	33.215	0	0	0	0	0	208.959	5.47	2	3.246	123.991	10449.849	3470.932	90.86	33.215	38.84	14.199	1209.058	31.65	11.57	"High income"	"East Asia & Pacific"
"AUT"	"Austria"	8939617	398815395840	524.631	4.69	7.3	141.79	6.712	0.06	0.093	72.95	64.25	1577.249	14.1	21.946	1217.054	10.88	16.934	9.11	3882.717	34.71	54.023	5609.86	50.15	78.054	8.7	11.926	0	0	0	353.483	3.16	4.918	4.69	524.631	7187.109	5609.86	50.15	78.054	3.79	5.899	778.557	6.96	10.833	"High income"	"Europe & Central Asia"
"AZE"	"Azerbaijan"	10358078	175370551296	9.654	0.1	0.346	671.389	0	0	0	26.08	28.94	2616.315	27.1	93.642	2607.627	27.01	93.331	19.43	154.469	1.6	5.529	177.639	1.84	6.358	-2.86	-10.966	0	0	0	8.689	0.09	0.311	0.1	9.654	2793.955	177.639	1.84	6.358	0.06	0.207	7.723	0.08	0.276	"Upper middle income"	"Europe & Central Asia"
"BDI"	"Burundi"	12889583	9177076736	0.776	0.01	2.778	250	0	0	0	0.46	0.36	9.31	0.12	33.333	0	0	0	0.09	17.068	0.22	61.111	18.62	0.24	66.667	0.1	21.739	0	0	0	9.31	0.12	33.333	0.01	0.776	27.93	18.62	0.24	66.667	0.01	2.778	0	0	0	"Low income"	"Sub-Saharan Africa"
"BEL"	"Belgium"	11655923	489678405632	423.819	4.94	5.248	139.792	4.29	0.05	0.053	86.61	94.14	2231.483	26.01	27.629	1883.163	21.95	23.316	13.16	23.164	0.27	0.287	5845.097	68.13	72.371	-7.53	-8.694	3764.61	43.88	46.611	344.031	4.01	4.26	4.94	423.819	8076.58	2080.487	24.25	25.76	6.88	7.308	1043.246	12.16	12.917	"High income"	"Europe & Central Asia"
"BEN"	"Benin"	13352864	33290362880	0	0	0	584.071	0	0	0	1.82	1.13	83.128	1.11	98.23	66.652	0.89	78.761	0.66	0	0	0	1.498	0.02	1.77	0.69	37.912	0	0	0	16.476	0.22	19.469	0	0	84.626	1.498	0.02	1.77	0.02	1.77	0	0	0	"Lower middle income"	"Sub-Saharan Africa"
"BFA"	"Burkina Faso"	22673764	37320441856	0	0	0	467.533	0	0	0	2.32	0.77	23.375	0.53	68.831	0	0	0	0.36	5.292	0.12	15.584	10.585	0.24	31.169	1.55	66.81	0	0	0	23.375	0.53	68.831	0	0	33.96	10.585	0.24	31.169	0.12	15.584	0	0	0	"Low income"	"Sub-Saharan Africa"
"BGD"	"Bangladesh"	171186368	858143916032	0	0	0	678.106	33.063	5.66	5.55	110.63	101.99	588.014	100.66	98.696	404.179	69.19	67.84	69.16	4.615	0.79	0.775	7.769	1.33	1.304	8.64	7.81	0	0	0	150.771	25.81	25.306	0	0	595.783	7.769	1.33	1.304	0.53	0.52	0.058	0.01	0.01	"Lower middle income"	"South Asia"
"BGR"	"Bulgaria"	6781955	138390159360	330.288	2.24	4.46	476.902	3212.938	21.79	43.389	38.03	50.22	3566.818	24.19	48.168	302.273	2.05	4.082	23.95	560.31	3.8	7.567	3838.126	26.03	51.832	-12.19	-32.054	2427.029	16.46	32.776	51.608	0.35	0.697	2.24	330.288	7404.944	1411.098	9.57	19.056	2.09	4.162	212.328	1.44	2.867	"Upper middle income"	"Europe & Central Asia"
"BHR"	"Bahrain"	1472237	58769760256	0	0	0	904.615	0	0	0	35.58	35.54	24133.342	35.53	99.972	24133.342	35.53	99.972	32.15	0	0	0	6.792	0.01	0.028	0.04	0.112	0	0	0	0	0	0	0	0	24140.135	6.792	0.01	0.028	0.01	0.028	0	0	0	"High income"	"Middle East & North Africa"
"BHS"	"Bahamas"	409989	NA	0	0	0	660.099	0	0	0	2.03	2.03	4951.353	2.03	100	0	0	0	1.34	0	0	0	0	0	0	0	0	0	0	0	4951.353	2.03	100	0	0	4951.353	0	0	0	0	0	0	0	0	"High income"	"Latin America & Caribbean"
"BIH"	"Bosnia and Herzegovina"	3233530	47069138944	12.37	0.04	0.242	670.091	3395.67	10.98	66.344	13.52	16.55	3404.948	11.01	66.526	0	0	0	11.09	1537.02	4.97	30.03	1713.298	5.54	33.474	-3.03	-22.411	0	0	0	9.278	0.03	0.181	NA	NA	5118.245	1713.298	5.54	33.474	0.14	0.846	120.611	0.39	2.356	"Upper middle income"	"Europe & Central Asia"
"BLR"	"Belarus"	9534956	175773810688	58.731	0.56	1.45	441.74	3.146	0.03	0.078	38.23	38.62	3422.145	32.63	84.49	3220.781	30.71	79.518	17.06	40.902	0.39	1.01	628.215	5.99	15.51	-0.39	-1.02	490.826	4.68	12.118	198.218	1.89	4.894	0.56	58.731	4050.36	137.389	1.31	3.392	0.17	0.44	19.927	0.19	0.492	"Upper middle income"	"Europe & Central Asia"
"BLZ"	"Belize"	405285	NA	394.784	0.16	51.613	225.806	0	0	0	0.59	0.31	148.044	0.06	19.355	0	0	0	0.07	197.392	0.08	25.806	616.85	0.25	80.645	0.28	47.458	0	0	0	148.044	0.06	19.355	0.16	394.784	764.894	616.85	0.25	80.645	0.01	3.226	0	0	0	"Upper middle income"	"Latin America & Caribbean"
"BOL"	"Bolivia"	12224114	78165311488	31.904	0.39	3.388	489.14	0	0	0	11.51	11.51	611.905	7.48	64.987	594.726	7.27	63.162	5.63	233.146	2.85	24.761	329.676	4.03	35.013	0	0	0	0	0	17.179	0.21	1.825	0.39	31.904	941.582	329.676	4.03	35.013	0.35	3.041	35.994	0.44	3.823	"Lower middle income"	"Latin America & Caribbean"
"BRA"	"Brazil"	215313504	3187413090304	245.084	52.77	7.793	105.513	76.447	16.46	2.431	690.08	677.17	329.612	70.97	10.48	195.575	42.11	6.219	71.45	1983.666	427.11	63.073	2815.429	606.2	89.52	12.91	1.871	67.622	14.56	2.15	57.59	12.4	1.831	52.772	245.096	3145.042	2747.807	591.64	87.369	30.13	4.449	379.122	81.63	12.055	"Upper middle income"	"Latin America & Caribbean"
"BRB"	"Barbados"	281646	3408005888	0	0	0	605.505	0	0	0	1.09	1.09	3586.062	1.01	92.661	106.517	0.03	2.752	0.66	0	0	0	284.044	0.08	7.339	0	0	0	0	0	3479.545	0.98	89.908	0	0	3870.106	284.044	0.08	7.339	0.08	7.339	0	0	0	"High income"	"Latin America & Caribbean"
"BRN"	"Brunei"	449002	NA	0	0	0	893.913	2717.137	1.22	21.217	5.75	5.75	12806.18	5.75	100	9999.955	4.49	78.087	5.14	0	0	0	0	0	0	0	0	0	0	0	89.086	0.04	0.696	0	0	12806.18	0	0	0	0	0	0	0	0	"High income"	"East Asia & Pacific"
"BTN"	"Bhutan"	782457	NA	0	0	0	23.333	0	0	0	9.83	9	0	0	0	0	0	0	0.21	11502.229	9	100	11502.229	9	100	0.83	8.444	0	0	0	0	0	0	0	0	11502.229	11502.229	9	100	0	0	0	0	0	"Lower middle income"	"South Asia"
"BWA"	"Botswana"	2630300	39293968384	0	0	0	847.909	958.066	2.52	95.817	4.29	2.63	996.084	2.62	99.62	0	0	0	2.23	0	0	0	3.802	0.01	0.38	1.66	38.695	0	0	0	38.018	0.1	3.802	0	0	999.886	3.802	0.01	0.38	0.01	0.38	0	0	0	"Upper middle income"	"Sub-Saharan Africa"
"CAF"	"Central African Republic"	5579148	3752056576	0	0	0	0	0	0	0	0.15	0.15	0	0	0	0	0	0	0	26.886	0.15	100	26.886	0.15	100	0	0	0	0	0	0	0	0	0	0	26.886	26.886	0.15	100	0	0	0	0	0	"Low income"	"Sub-Saharan Africa"
"CAN"	"Canada"	38454328	1761295597568	221.562	8.52	1.292	161.434	922.913	35.49	5.38	608.54	659.65	3185.857	122.51	18.572	2190.651	84.24	12.77	106.49	10361.383	398.44	60.402	13968.259	537.14	81.428	-51.11	-8.399	2253.062	86.64	13.134	72.294	2.78	0.421	8.52	221.561	17154.117	11715.196	450.5	68.294	6.01	0.911	975.963	37.53	5.689	"High income"	"North America"
"CHE"	"Switzerland"	8740471	559384952832	109.834	0.96	1.542	36.133	NA	NA	NA	65.41	62.27	196.786	1.72	2.762	57.205	0.5	0.803	2.25	3545.575	30.99	49.767	6927.544	60.55	97.238	3.14	4.8	2740.127	23.95	38.462	139.581	1.22	1.959	2.07	236.829	7124.33	4187.417	36.6	58.776	3.37	5.412	19.45	0.17	0.273	"High income"	"Europe & Central Asia"
"CHL"	"Chile"	19603736	448338100224	NA	NA	NA	353.521	977.365	19.16	23.023	83.22	83.22	1997.068	39.15	47.044	810.56	15.89	19.094	29.42	1033.987	20.27	24.357	2248.041	44.07	52.956	0	0	0	0	0	209.144	4.1	4.927	6.23	317.778	4245.109	2248.041	44.07	52.956	14.52	17.448	449.914	8.82	10.598	"High income"	"Latin America & Caribbean"
"CHN"	"China"	1425887360	26966017179648	123.874	176.63	1.996	585.821	3785.572	5397.8	61.001	8834.42	8848.73	4040.116	5760.75	65.103	203.789	290.58	3.284	5183.77	913.908	1303.13	14.727	2165.655	3087.98	34.897	-14.31	-0.162	293.011	417.8	4.722	50.754	72.37	0.818	176.629	123.873	6205.771	1872.644	2670.18	30.176	427.72	4.834	534.895	762.7	8.619	"Upper middle income"	"East Asia & Pacific"
"CIV"	"Cote d'Ivoire"	28160548	1.21472e+11	2.841	0.08	0.719	393.885	0	0	0	10.52	11.12	272.367	7.67	68.975	271.657	7.65	68.795	4.38	118.961	3.35	30.126	122.512	3.45	31.025	-0.6	-5.703	0	0	0	0.71	0.02	0.18	0.08	2.841	394.879	122.512	3.45	31.025	0.02	0.18	0	0	0	"Lower middle income"	"Sub-Saharan Africa"
"CMR"	"Cameroon"	27914542	82727796736	1.433	0.04	0.493	305.419	0	0	0	8.12	8.12	109.62	3.06	37.685	85.26	2.38	29.31	2.48	179.118	5	61.576	181.268	5.06	62.315	0	0	0	0	0	24.36	0.68	8.374	0.04	1.433	290.888	181.268	5.06	62.315	0.02	0.246	0	0	0	"Lower middle income"	"Sub-Saharan Africa"
"COD"	"Democratic Republic of Congo"	99010216	91314987008	0.303	0.03	0.272	24.457	0	0	0	12.45	11.04	0	0	0	0	0	0	0.27	111.1	11	99.638	111.504	11.04	100	1.41	11.325	0	0	0	0	0	0	0.03	0.303	111.504	111.504	11.04	100	0.01	0.091	0	0	0	"Low income"	"Sub-Saharan Africa"
"COG"	"Congo"	5970430	23679010816	0	0	0	700	0	0	0	4	4	519.226	3.1	77.5	485.727	2.9	72.5	2.8	150.743	0.9	22.5	150.743	0.9	22.5	0	0	0	0	0	33.498	0.2	5	0	0	669.969	150.743	0.9	22.5	0	0	0	0	0	"Lower middle income"	"Sub-Saharan Africa"
"COK"	"Cook Islands"	17032	NA	0	0	0	250	0	0	0	0.04	0.04	1174.26	0.02	50	0	0	0	0.01	0	0	0	1174.26	0.02	50	0	0	0	0	0	1174.26	0.02	50	0	0	2348.521	1174.26	0.02	50	0.02	50	0	0	0	NA	NA
"COL"	"Colombia"	51874028	742716997632	42.025	2.18	2.558	214.881	84.821	4.4	5.164	85.64	85.21	460.924	23.91	28.06	323.09	16.76	19.669	18.31	1132.166	58.73	68.924	1181.709	61.3	71.94	0.43	0.502	0	0	0	53.013	2.75	3.227	2.18	42.025	1642.633	1181.709	61.3	71.94	0.33	0.387	1.157	0.06	0.07	"Upper middle income"	"Latin America & Caribbean"
"COM"	"Comoros"	836783	1682077056	0	0	0	642.857	0	0	0	0.14	0.14	167.307	0.14	100	0	0	0	0.09	0	0	0	0	0	0	0	0	0	0	0	167.307	0.14	100	0	0	167.307	0	0	0	0	0	0	0	0	"Lower middle income"	"Sub-Saharan Africa"
"CPV"	"Cape Verde"	593162	4251154688	0	0	0	558.14	0	0	0	0.43	0.43	606.917	0.36	83.721	0	0	0	0.24	0	0	0	118.012	0.07	16.279	0	0	0	0	0	606.917	0.36	83.721	0	0	724.928	118.012	0.07	16.279	0.01	2.326	101.153	0.06	13.953	"Lower middle income"	"Sub-Saharan Africa"
"CRI"	"Costa Rica"	5180836	80345899008	36.674	0.19	1.524	26.464	0	0	0	11.75	12.47	0	0	0	0	0	0	0.33	1806.658	9.36	75.06	2406.948	12.47	100	-0.72	-6.128	0	0	0	0	0	0	1.67	322.342	2406.948	2406.948	12.47	100	0.07	0.561	264.436	1.37	10.986	"Upper middle income"	"Latin America & Caribbean"
"CUB"	"Cuba"	11212198	84154974208	39.243	0.44	2.412	637.61	0	0	0	18.24	18.24	1550.989	17.39	95.34	143.594	1.61	8.827	11.63	10.703	0.12	0.658	75.81	0.85	4.66	0	0	0	0	0	1407.396	15.78	86.513	0.44	39.243	1626.8	75.81	0.85	4.66	0.27	1.48	1.784	0.02	0.11	"Upper middle income"	"Latin America & Caribbean"
"CYP"	"Cyprus"	1251492	34255009792	47.943	0.06	1.141	555.133	0	0	0	5.26	5.26	3499.823	4.38	83.27	0	0	0	2.92	0	0	0	703.161	0.88	16.73	0	0	0	0	0	3499.823	4.38	83.27	0.06	47.943	4202.983	703.161	0.88	16.73	0.6	11.407	175.79	0.22	4.183	"High income"	"Europe & Central Asia"
"CZE"	"Czechia"	10493990	342966829056	515.533	5.41	6.46	488.297	3514.393	36.88	44.041	70.21	83.74	3996.573	41.94	50.084	412.617	4.33	5.171	40.89	199.162	2.09	2.496	3983.232	41.8	49.916	-13.53	-19.271	2955.978	31.02	37.043	69.564	0.73	0.872	5.41	515.533	7979.806	1027.255	10.78	12.873	2.63	3.141	61.94	0.65	0.776	"High income"	"Europe & Central Asia"
"DEU"	"Germany"	83369840	3909612732416	577.427	48.14	8.483	420.057	2158.814	179.98	31.716	540.21	567.47	3374.482	281.33	49.576	957.181	79.8	14.062	238.37	211.467	17.63	3.107	3432.177	286.14	50.424	-27.26	-5.046	416.338	34.71	6.117	258.487	21.55	3.798	48.35	579.946	6806.658	3015.839	251.43	44.307	60.79	10.712	1495.265	124.66	21.968	"High income"	"Europe & Central Asia"
"DJI"	"Djibouti"	1120851	3395681536	0	0	0	692.308	0	0	0	0.64	0.13	115.983	0.13	100	0	0	0	0.09	0	0	0	0	0	0	0.51	79.688	0	0	0	115.983	0.13	100	0	0	115.983	0	0	0	0	0	0	0	0	"Lower middle income"	"Middle East & North Africa"
"DMA"	"Dominica"	72758	675097984	0	0	0	529.412	0	0	0	0.17	0.17	1786.745	0.13	76.471	0	0	0	0.09	549.768	0.04	23.529	549.768	0.04	23.529	0	0	0	0	0	1786.745	0.13	76.471	0	0	2336.513	549.768	0.04	23.529	0	0	0	0	0	"Upper middle income"	"Latin America & Caribbean"
"DNK"	"Denmark"	5882259	299429003264	1235.92	7.27	20.837	201.777	753.112	4.43	12.697	36.25	34.89	1101.618	6.48	18.573	173.403	1.02	2.923	7.04	1.7	0.01	0.029	4829.777	28.41	81.427	1.36	3.752	0	0	0	175.103	1.03	2.952	7.27	1235.92	5931.395	4829.777	28.41	81.427	2.2	6.306	3218.151	18.93	54.256	"High income"	"Europe & Central Asia"
"DOM"	"Dominican Republic"	11228821	191182372864	16.03	0.18	0.836	580.78	537.902	6.04	28.041	21.54	21.54	1645.765	18.48	85.794	720.467	8.09	37.558	12.51	89.057	1	4.643	272.513	3.06	14.206	0	0	0	0	0	387.396	4.35	20.195	0.18	16.03	1918.278	272.513	3.06	14.206	0.56	2.6	117.555	1.32	6.128	"Upper middle income"	"Latin America & Caribbean"
"DZA"	"Algeria"	44903228	595820019712	0	0	0	634.611	0	0	0	87.04	88.18	1948.635	87.5	99.229	1940.172	87.12	98.798	55.96	0.223	0.01	0.011	15.144	0.68	0.771	-1.14	-1.31	0	0	0	8.463	0.38	0.431	0	0	1963.779	15.144	0.68	0.771	0.66	0.748	0.223	0.01	0.011	"Lower middle income"	"Middle East & North Africa"
"ECU"	"Ecuador"	18001002	175028879360	23.888	0.43	1.317	150.689	0	0	0	32.49	32.65	345.536	6.22	19.051	64.441	1.16	3.553	4.92	1438.809	25.9	79.326	1468.252	26.43	80.949	-0.16	-0.492	0	0	0	281.095	5.06	15.498	0.43	23.888	1813.788	1468.252	26.43	80.949	0.04	0.123	3.333	0.06	0.184	"Upper middle income"	"Latin America & Caribbean"
"EGY"	"Egypt"	110990096	1460427423744	0	0	0	570.127	0	0	0	199.42	200.85	1593.656	176.88	88.066	1435.173	159.29	79.308	114.51	124.335	13.8	6.871	215.965	23.97	11.934	-1.43	-0.717	0	0	0	158.483	17.59	8.758	0	0	1809.621	215.965	23.97	11.934	5.03	2.504	46.31	5.14	2.559	"Lower middle income"	"Middle East & North Africa"
"ERI"	"Eritrea"	3684041	NA	0	0	0	631.579	0	0	0	0.38	0.38	100.433	0.37	97.368	0	0	0	0.24	0	0	0	2.714	0.01	2.632	0	0	0	0	0	100.433	0.37	97.368	0	0	103.148	2.714	0.01	2.632	0.01	2.632	0	0	0	"Low income"	"Sub-Saharan Africa"
"ESP"	"Spain"	47558632	1625139970048	142.981	6.8	2.375	217.766	165.27	7.86	2.746	266.47	286.27	2221.469	105.65	36.906	1810.397	86.1	30.077	62.34	369.859	17.59	6.145	3797.838	180.62	63.094	-19.8	-7.43	1231.953	58.59	20.467	245.802	11.69	4.084	6.82	143.402	6019.307	2565.885	122.03	42.628	35.72	12.478	1301.551	61.9	21.623	"High income"	"Europe & Central Asia"
"EST"	"Estonia"	1326064	39999856640	1183.955	1.57	17.64	489.888	0	0	0	9.91	8.9	4584.998	6.08	68.315	45.247	0.06	0.674	4.36	15.082	0.02	0.225	2126.594	2.82	31.685	1.01	10.192	0	0	0	4539.75	6.02	67.64	1.57	1183.955	6711.591	2126.594	2.82	31.685	0.6	6.742	475.09	0.63	7.079	"High income"	"Europe & Central Asia"
"ETH"	"Ethiopia"	123379928	269977223168	0.243	0.03	0.195	24.643	0	0	0	13.76	15.42	0.081	0.01	0.065	0	0	0	0.38	119.549	14.75	95.655	124.899	15.41	99.935	-1.66	-12.064	0	0	0	0.081	0.01	0.065	0.03	0.243	124.98	124.899	15.41	99.935	0.04	0.259	4.782	0.59	3.826	"Low income"	"Sub-Saharan Africa"
"FIN"	"Finland"	5540745	226154840064	2302.939	12.76	17.754	130.235	620.855	3.44	4.786	84.39	71.87	1474.531	8.17	11.368	173.262	0.96	1.336	9.36	2434.691	13.49	18.77	11496.649	63.7	88.632	12.52	14.836	4573.392	25.34	35.258	680.414	3.77	5.246	12.76	2302.939	12971.181	6923.257	38.36	53.374	0.39	0.543	2115.239	11.72	16.307	"High income"	"Europe & Central Asia"
"FJI"	"Fiji"	929769	NA	43.021	0.04	3.846	288.462	0	0	0	1.04	1.04	451.725	0.42	40.385	0	0	0	0.3	613.055	0.57	54.808	666.832	0.62	59.615	0	0	0	0	0	451.725	0.42	40.385	0.04	43.021	1118.557	666.832	0.62	59.615	0.01	0.962	0	0	0	"Upper middle income"	"East Asia & Pacific"
"FRA"	"France"	64626624	2671568748544	151.331	9.78	2.084	78.811	67	4.33	0.923	484.29	469.35	936.456	60.52	12.894	707.758	45.74	9.745	36.99	704.354	45.52	9.699	6326.03	408.83	87.106	14.94	3.085	4560.504	294.73	62.795	161.698	10.45	2.226	10.38	160.615	7262.487	1765.526	114.1	24.31	19.64	4.185	596.658	38.56	8.216	"High income"	"Europe & Central Asia"
"GAB"	"Gabon"	2388997	36035293184	4.186	0.01	0.42	491.597	0	0	0	2.92	2.38	577.648	1.38	57.983	477.188	1.14	47.899	1.17	414.4	0.99	41.597	418.586	1	42.017	0.54	18.493	0	0	0	100.461	0.24	10.084	0.01	4.186	996.234	418.586	1	42.017	0	0	0	0	0	"Upper middle income"	"Sub-Saharan Africa"
"GBR"	"United Kingdom"	67508936	2615230595072	525.116	35.45	10.871	255.85	82.508	5.57	1.708	321.88	326.09	2124.459	143.42	43.982	1856.051	125.3	38.425	83.43	78.804	5.32	1.631	2705.864	182.67	56.018	-4.21	-1.308	706.869	47.72	14.634	185.901	12.55	3.849	35.451	525.129	4830.323	1998.995	134.95	41.384	13.92	4.269	1188.88	80.26	24.613	"High income"	"Europe & Central Asia"
"GEO"	"Georgia"	3744385	70528606208	0	0	0	167.018	0	0	0	14.81	14.25	905.356	3.39	23.789	905.356	3.39	23.789	2.38	2876.307	10.77	75.579	2900.343	10.86	76.211	0.56	3.781	0	0	0	0	0	0	0	0	3805.698	2900.343	10.86	76.211	0	0	24.036	0.09	0.632	"Upper middle income"	"Europe & Central Asia"
"GHA"	"Ghana"	33475870	145431871488	0.597	0.02	0.089	484	0	0	0	20.76	22.5	443.603	14.85	66	425.082	14.23	63.244	10.89	224.042	7.5	33.333	228.523	7.65	34	-1.74	-8.382	0	0	0	18.521	0.62	2.756	0.02	0.597	672.126	228.523	7.65	34	0.13	0.578	0	0	0	"Lower middle income"	"Sub-Saharan Africa"
"GIN"	"Guinea"	13859349	23678257152	0	0	0	236.842	0	0	0	3.04	3.04	73.597	1.02	33.553	0	0	0	0.72	144.307	2	65.789	145.75	2.02	66.447	0	0	0	0	0	73.597	1.02	33.553	0	0	219.347	145.75	2.02	66.447	0.02	0.658	0	0	0	"Lower middle income"	"Sub-Saharan Africa"
"GMB"	"Gambia"	2705995	4656793600	0	0	0	666.667	0	0	0	0.51	0.51	188.47	0.51	100	0	0	0	0.34	0	0	0	0	0	0	0	0	0	0	0	188.47	0.51	100	0	0	188.47	0	0	0	0	0	0	0	0	"Low income"	"Sub-Saharan Africa"
"GNB"	"Guinea-Bissau"	2105580	3259313920	0	0	0	625	0	0	0	0.08	0.08	37.994	0.08	100	0	0	0	0.05	0	0	0	0	0	0	0	0	0	0	0	37.994	0.08	100	0	0	37.994	0	0	0	0	0	0	0	0	"Low income"	"Sub-Saharan Africa"
"GNQ"	"Equatorial Guinea"	1674916	20191379456	0	0	0	591.837	0	0	0	1.47	1.47	591.074	0.99	67.347	585.104	0.98	66.667	0.87	286.582	0.48	32.653	286.582	0.48	32.653	0	0	0	0	0	5.97	0.01	0.68	0	0	877.656	286.582	0.48	32.653	0	0	0	0	0	"Upper middle income"	"Sub-Saharan Africa"
"GRC"	"Greece"	10384972	263892680704	54.887	0.57	1.104	376.671	554.648	5.76	11.161	55.06	51.61	2808.866	29.17	56.52	1843.048	19.14	37.086	19.44	371.691	3.86	7.479	2160.815	22.44	43.48	3.45	6.266	0	0	0	411.171	4.27	8.274	0.57	54.887	4969.681	2160.815	22.44	43.48	7.14	13.835	1046.705	10.87	21.062	"High income"	"Europe & Central Asia"
"GRD"	"Grenada"	125459	NA	0	0	0	640	0	0	0	0.25	0.25	1912.976	0.24	96	0	0	0	0.16	0	0	0	79.707	0.01	4	0	0	0	0	0	1912.976	0.24	96	0	0	1992.683	79.707	0.01	4	0.01	4	0	0	0	"Upper middle income"	"Latin America & Caribbean"
"GTM"	"Guatemala"	17843914	146224644096	161.96	2.89	21.96	328.268	195.024	3.48	26.444	13.19	13.16	239.858	4.28	32.523	0.56	0.01	0.076	4.32	284.691	5.08	38.602	497.649	8.88	67.477	0.03	0.227	0	0	0	44.273	0.79	6.003	3.22	180.454	737.506	497.649	8.88	67.477	0.24	1.824	19.054	0.34	2.584	"Upper middle income"	"Latin America & Caribbean"
"GUY"	"Guyana"	808727	NA	12.365	0.01	0.877	640.351	0	0	0	1.14	1.14	1384.893	1.12	98.246	24.73	0.02	1.754	0.73	0	0	0	24.73	0.02	1.754	0	0	0	0	0	1360.162	1.1	96.491	0.01	12.365	1409.623	24.73	0.02	1.754	0.01	0.877	0	0	0	"High income"	"Latin America & Caribbean"
"HND"	"Honduras"	10432858	49738256384	119.814	1.25	10.408	282.265	6.71	0.07	0.583	12.22	12.01	425.578	4.44	36.969	0	0	0	3.39	383.404	4	33.306	725.592	7.57	63.031	0.21	1.718	0	0	0	418.869	4.37	36.386	1.61	154.32	1151.171	725.592	7.57	63.031	1.19	9.908	73.805	0.77	6.411	"Lower middle income"	"Latin America & Caribbean"
"HRV"	"Croatia"	4030361	102284648448	280.372	1.13	7.935	242.275	387.062	1.56	10.955	18.93	14.24	1277.801	5.15	36.166	870.89	3.51	24.649	3.45	1354.717	5.46	38.343	2255.381	9.09	63.834	4.69	24.775	0	0	0	19.849	0.08	0.562	1.2	297.74	3533.182	2255.381	9.09	63.834	0.15	1.053	565.706	2.28	16.011	"High income"	"Europe & Central Asia"
"HTI"	"Haiti"	11585003	17550917632	0	0	0	567.308	0	0	0	1.04	1.04	77.687	0.9	86.538	0	0	0	0.59	12.085	0.14	13.462	12.085	0.14	13.462	0	0	0	0	0	77.687	0.9	86.538	0	0	89.771	12.085	0.14	13.462	0	0	0	0	0	"Lower middle income"	"Latin America & Caribbean"
"HUN"	"Hungary"	9967304	285385228288	214.702	2.14	5.984	228.747	299.981	2.99	8.361	47.91	35.76	1233.031	12.29	34.368	887.903	8.85	24.748	8.18	18.059	0.18	0.503	2354.699	23.47	65.632	12.15	25.36	1586.186	15.81	44.211	45.148	0.45	1.258	2.14	214.702	3587.73	768.513	7.66	21.421	4.73	13.227	61.2	0.61	1.706	"High income"	"Europe & Central Asia"
"IDN"	"Indonesia"	275501344	3500093472768	74.845	20.62	6.182	675.931	745.223	205.31	61.555	334.51	333.54	973.244	268.13	80.389	205.843	56.71	17.002	225.45	99.092	27.3	8.185	237.422	65.41	19.611	0.97	0.29	0	0	0	22.178	6.11	1.832	37.31	135.426	1210.666	237.422	65.41	19.611	0.44	0.132	1.307	0.36	0.108	"Upper middle income"	"East Asia & Pacific"
"IND"	"India"	1417173120	10476248367104	28.747	40.74	2.193	705.131	973.84	1380.1	74.28	1857.53	1857.98	1009.7	1430.92	77.015	33.193	47.04	2.532	1310.12	123.429	174.92	9.415	301.346	427.06	22.985	-0.45	-0.024	32.593	46.19	2.486	2.667	3.78	0.203	40.745	28.751	1311.047	268.753	380.87	20.499	95.16	5.122	49.429	70.05	3.77	"Lower middle income"	"South Asia"
"IRL"	"Ireland"	5023108	308390920192	201.071	1.01	3.008	333.234	471.819	2.37	7.058	33.83	33.58	4089.102	20.54	61.167	3290.792	16.53	49.226	11.19	139.356	0.7	2.085	2596.002	13.04	38.833	0.25	0.739	0	0	0	326.491	1.64	4.884	1.01	201.071	6685.104	2596.002	13.04	38.833	0.15	0.447	2225.714	11.18	33.294	"High income"	"Europe & Central Asia"
"IRN"	"Iran"	88550568	1572209033216	0.226	0.02	0.006	665.154	8.47	0.75	0.215	340.93	348.13	3750.512	332.11	95.398	3390.041	300.19	86.229	231.56	84.133	7.45	2.14	180.914	16.02	4.602	-7.2	-2.112	74.195	6.57	1.887	352.002	31.17	8.954	0.022	0.252	3931.426	106.719	9.45	2.715	0.73	0.21	14.116	1.25	0.359	"Lower middle income"	"Middle East & North Africa"
"IRQ"	"Iraq"	44496124	527639314432	0	0	0	688.814	0	0	0	119.12	115.59	2536.85	112.88	97.656	1781.953	79.29	68.596	79.62	59.556	2.65	2.293	60.904	2.71	2.344	3.53	2.963	0	0	0	754.897	33.59	29.06	0	0	2597.754	60.904	2.71	2.344	0.06	0.052	0	0	0	"Upper middle income"	"Middle East & North Africa"
"ISL"	"Iceland"	372903	16019539968	0	0	0	27.68	0	0	0	19.87	19.87	0	0	0	0	0	0	0.55	37382.375	13.94	70.156	53284.637	19.87	100	0	0	0	0	0	0	0	0	5.92	15875.442	53284.637	53284.637	19.87	100	0	0	26.817	0.01	0.05	"High income"	"Europe & Central Asia"
"ISR"	"Israel"	9038313	336722558976	0	0	0	582.927	1852.115	16.74	22.052	68.99	75.91	7563.358	68.36	90.054	5675.838	51.3	67.58	44.25	2.213	0.02	0.026	835.333	7.55	9.946	-6.92	-10.03	0	0	0	35.405	0.32	0.422	0	0	8398.691	835.333	7.55	9.946	7.35	9.683	19.915	0.18	0.237	"High income"	"Middle East & North Africa"
"ITA"	"Italy"	59037472	2136009342976	298.285	17.61	6.29	378.447	382.977	22.61	8.076	322.95	279.96	3043.999	179.71	64.191	2396.275	141.47	50.532	105.95	481.05	28.4	10.144	1698.074	100.25	35.809	42.99	13.312	0	0	0	264.747	15.63	5.583	23.45	397.205	4742.073	1698.074	100.25	35.809	28.12	10.044	343.511	20.28	7.244	"High income"	"Europe & Central Asia"
"JAM"	"Jamaica"	2827382	20019224576	21.221	0.06	1.307	555.556	0	0	0	4.59	4.59	1404.126	3.97	86.492	947.873	2.68	58.388	2.55	49.516	0.14	3.05	219.284	0.62	13.508	0	0	0	0	0	456.252	1.29	28.105	0.06	21.221	1623.41	219.284	0.62	13.508	0.14	3.05	99.032	0.28	6.1	"Upper middle income"	"Latin America & Caribbean"
"JOR"	"Jordan"	11285875	99281829888	0	0	0	540.924	0	0	0	22.08	21.87	1494.789	16.87	77.138	1409.727	15.91	72.748	11.83	1.772	0.02	0.091	443.032	5	22.862	0.21	0.951	0	0	0	85.062	0.96	4.39	0	0	1937.821	443.032	5	22.862	3.37	15.409	142.656	1.61	7.362	"Lower middle income"	"Middle East & North Africa"
"JPN"	"Japan"	123951696	4774494732288	334.646	41.48	4.013	512.805	2811.418	348.48	33.717	1033.55	1033.55	6089.873	754.85	73.035	2908.714	360.54	34.884	530.01	604.106	74.88	7.245	2248.457	278.7	26.965	0	0	417.663	51.77	5.009	369.741	45.83	4.434	41.481	334.654	8338.329	1830.794	226.93	21.956	102.4	9.908	65.913	8.17	0.79	"High income"	"East Asia & Pacific"
"KAZ"	"Kazakhstan"	19397998	503634067456	0	0	0	830.409	3960.718	76.83	67.407	113.16	113.98	5183.009	100.54	88.208	1219.198	23.65	20.749	94.65	474.791	9.21	8.08	692.855	13.44	11.792	-0.82	-0.725	0	0	0	3.093	0.06	0.053	0.002	0.106	5875.864	692.855	13.44	11.792	1.7	1.491	130.426	2.53	2.22	"Upper middle income"	"Europe & Central Asia"
"KEN"	"Kenya"	54027484	190362157056	5.368	0.29	2.346	83.333	0	0	0	12.56	12.36	18.324	0.99	8.01	0	0	0	1.03	56.268	3.04	24.595	210.448	11.37	91.99	0.2	1.592	0	0	0	18.324	0.99	8.01	5.81	107.538	228.772	210.448	11.37	91.99	0.38	3.074	39.609	2.14	17.314	"Lower middle income"	"Sub-Saharan Africa"
"KGZ"	"Kyrgyzstan"	6630621	31703001088	0	0	0	147.292	265.435	1.76	12.708	16.2	13.85	294.09	1.95	14.079	22.622	0.15	1.083	2.04	1794.704	11.9	85.921	1794.704	11.9	85.921	2.35	14.506	0	0	0	6.033	0.04	0.289	0	0	2088.794	1794.704	11.9	85.921	0	0	0	0	0	"Lower middle income"	"Europe & Central Asia"
"KHM"	"Cambodia"	16767851	65136594944	4.771	0.08	0.908	417.707	229.01	3.84	43.587	12.38	8.81	258.829	4.34	49.262	0	0	0	3.68	238.552	4	45.403	266.582	4.47	50.738	3.57	28.837	0	0	0	29.819	0.5	5.675	0.08	4.771	525.41	266.582	4.47	50.738	0.39	4.427	0	0	0	"Lower middle income"	"East Asia & Pacific"
"KIR"	"Kiribati"	131237	NA	0	0	0	666.667	0	0	0	0.03	0.03	228.594	0.03	100	0	0	0	0.02	0	0	0	0	0	0	0	0	0	0	0	228.594	0.03	100	0	0	228.594	0	0	0	0	0	0	0	0	"Lower middle income"	"East Asia & Pacific"
"KNA"	"Saint Kitts and Nevis"	47681	NA	0	0	0	636.364	0	0	0	0.22	0.22	4404.27	0.21	95.455	0	0	0	0.14	0	0	0	209.727	0.01	4.545	0	0	0	0	0	4404.27	0.21	95.455	0	0	4613.997	209.727	0.01	4.545	0	0	209.727	0.01	4.545	"High income"	"Latin America & Caribbean"
"KOR"	"South Korea"	51815808	2137558614016	334.647	17.34	2.795	441.648	4070.186	210.9	34	620.29	620.29	7585.137	393.03	63.362	3380.242	175.15	28.237	273.95	68.319	3.54	0.571	4385.92	227.26	36.638	0	0	3397.612	176.05	28.382	134.708	6.98	1.125	17.339	334.634	11971.057	988.308	51.21	8.256	26.97	4.348	64.845	3.36	0.542	"High income"	"East Asia & Pacific"
"KWT"	"Kuwait"	4268886	218961231872	0	0	0	649.196	0	0	0	86.43	86.43	20199.648	86.23	99.769	11307.399	48.27	55.849	56.11	0	0	0	46.851	0.2	0.231	0	0	0	0	0	8892.25	37.96	43.92	0	0	20246.5	46.851	0.2	0.231	0.17	0.197	7.028	0.03	0.035	"High income"	"Middle East & North Africa"
"LAO"	"Laos"	7529477	54953902080	10.625	0.08	0.174	265.506	1648.189	12.41	27.008	12.2	45.95	1648.189	12.41	27.008	0	0	0	12.2	4435.899	33.4	72.688	4454.493	33.54	72.992	-33.75	-276.639	0	0	0	0	0	0	0.08	10.625	6102.682	4454.493	33.54	72.992	0.06	0.131	0	0	0	"Lower middle income"	"East Asia & Pacific"
"LBN"	"Lebanon"	5489744	48741707776	5.465	0.03	0.299	599.005	0	0	0	10.5	10.05	1657.637	9.1	90.547	0	0	0	6.02	111.116	0.61	6.07	173.05	0.95	9.453	0.45	4.286	0	0	0	1657.637	9.1	90.547	0.03	5.465	1830.686	173.05	0.95	9.453	0.3	2.985	1.822	0.01	0.1	"Lower middle income"	"Middle East & North Africa"
"LBR"	"Liberia"	5302690	4231560960	0	0	0	227.848	0	0	0	0.79	0.79	49.032	0.26	32.911	0	0	0	0.18	99.949	0.53	67.089	99.949	0.53	67.089	0	0	0	0	0	49.032	0.26	32.911	0	0	148.981	99.949	0.53	67.089	0	0	0	0	0	"Low income"	"Sub-Saharan Africa"
"LBY"	"Libya"	6812344	91444477952	0	0	0	818.692	0	0	0	31.13	30.28	4443.405	30.27	99.967	3153.1	21.48	70.938	24.79	0	0	0	1.468	0.01	0.033	0.85	2.73	0	0	0	1290.305	8.79	29.029	0	0	4444.873	1.468	0.01	0.033	0.01	0.033	0	0	0	"Upper middle income"	"Middle East & North Africa"
"LCA"	"Saint Lucia"	179872	1749086208	0	0	0	666.667	0	0	0	0.39	0.39	2168.208	0.39	100	0	0	0	0.26	0	0	0	0	0	0	0	0	0	0	0	2168.208	0.39	100	0	0	2168.208	0	0	0	0	0	0	0	0	"Upper middle income"	"Latin America & Caribbean"
"LKA"	"Sri Lanka"	21832150	254748606464	10.077	0.22	1.266	509.781	323.376	7.06	40.621	17.38	17.38	501.096	10.94	62.946	0	0	0	8.86	234.058	5.11	29.402	294.978	6.44	37.054	0	0	0	0	0	177.72	3.88	22.325	0.22	10.077	796.074	294.978	6.44	37.054	0.68	3.913	19.696	0.43	2.474	"Lower middle income"	"South Asia"
"LSO"	"Lesotho"	2305826	4761723392	0	0	0	20	0	0	0	0.93	0.5	0	0	0	0	0	0	0.01	216.842	0.5	100	216.842	0.5	100	0.43	46.237	0	0	0	0	0	0	0	0	216.842	216.842	0.5	100	0	0	0	0	0	"Lower middle income"	"Sub-Saharan Africa"
"LTU"	"Lithuania"	2750058	84814258176	258.176	0.71	17.233	177.184	0	0	0	12.69	4.12	370.901	1.02	24.757	185.451	0.51	12.379	0.73	167.269	0.46	11.165	1127.249	3.1	75.243	8.57	67.533	0	0	0	185.451	0.51	12.379	0.71	258.176	1498.15	1127.249	3.1	75.243	0.34	8.252	578.17	1.59	38.592	"High income"	"Europe & Central Asia"
"LUX"	"Luxembourg"	647601	36128358400	555.898	0.36	30.508	144.068	0	0	0	6.69	1.18	262.507	0.17	14.407	154.416	0.1	8.475	0.17	92.65	0.06	5.085	1559.602	1.01	85.593	5.51	82.362	0	0	0	108.091	0.07	5.932	0.36	555.898	1822.11	1559.602	1.01	85.593	0.28	23.729	478.69	0.31	26.271	"High income"	"Europe & Central Asia"
"LVA"	"Latvia"	1850654	51248480256	432.28	0.8	16.032	136.273	0	0	0	7.3	4.99	653.823	1.21	24.248	653.823	1.21	24.248	0.68	1485.961	2.75	55.11	2042.521	3.78	75.752	2.31	31.644	0	0	0	0	0	0	0.8	432.28	2696.344	2042.521	3.78	75.752	0.04	0.802	102.666	0.19	3.808	"High income"	"Europe & Central Asia"
"MAR"	"Morocco"	37457976	311654973440	1.068	0.04	0.097	662.642	774.201	29	70.031	42.81	41.41	904.48	33.88	81.816	18.421	0.69	1.666	27.44	18.154	0.68	1.642	201.025	7.53	18.184	1.4	3.27	0	0	0	111.859	4.19	10.118	0.04	1.068	1105.505	201.025	7.53	18.184	1.45	3.502	143.094	5.36	12.944	"Lower middle income"	"Middle East & North Africa"
"MDA"	"Moldova"	3272993	23827554304	9.166	0.03	0.564	648.496	0	0	0	6.16	5.32	1475.714	4.83	90.789	1414.607	4.63	87.03	3.45	88.604	0.29	5.451	149.71	0.49	9.211	0.84	13.636	0	0	0	61.106	0.2	3.759	0.03	9.166	1625.424	149.71	0.49	9.211	0.03	0.564	42.774	0.14	2.632	"Upper middle income"	"Europe & Central Asia"
"MDG"	"Madagascar"	29611718	38602186752	1.689	0.05	2.119	436.441	4.39	0.13	5.508	2.36	2.36	50.318	1.49	63.136	0	0	0	1.03	26.341	0.78	33.051	29.38	0.87	36.864	0	0	0	0	0	45.928	1.36	57.627	0.05	1.689	79.698	29.38	0.87	36.864	0.04	1.695	0	0	0	"Low income"	"Sub-Saharan Africa"
"MDV"	"Maldives"	523798	NA	0	0	0	611.765	0	0	0	0.85	0.85	1508.215	0.79	92.941	0	0	0	0.52	0	0	0	114.548	0.06	7.059	0	0	0	0	0	1508.215	0.79	92.941	0	0	1622.763	114.548	0.06	7.059	0.06	7.059	0	0	0	"Upper middle income"	"South Asia"
"MEX"	"Mexico"	127504120	2033437638656	51.92	6.62	1.943	475.359	171.524	21.87	6.419	343.79	340.69	1944.329	247.91	72.767	1504.265	191.8	56.298	161.95	280.148	35.72	10.485	727.663	92.78	27.233	3.1	0.902	85.095	10.85	3.185	268.54	34.24	10.05	6.621	51.928	2671.992	642.568	81.93	24.048	19.27	5.656	159.367	20.32	5.964	"Upper middle income"	"Latin America & Caribbean"
"MKD"	"North Macedonia"	2093606	28770254848	28.659	0.06	1.049	639.86	1370.84	2.87	50.175	7.13	5.72	1996.555	4.18	73.077	439.433	0.92	16.084	3.66	640.044	1.34	23.427	735.573	1.54	26.923	1.41	19.776	0	0	0	186.281	0.39	6.818	0.06	28.659	2732.128	735.573	1.54	26.923	0.03	0.524	52.541	0.11	1.923	"Upper middle income"	"Europe & Central Asia"
"MLI"	"Mali"	22593598	30551085056	2.656	0.06	1.6	408	0	0	0	3.93	3.75	100.028	2.26	60.267	0	0	0	1.53	61.964	1.4	37.333	65.948	1.49	39.733	0.18	4.58	0	0	0	100.028	2.26	60.267	0.06	2.656	165.976	65.948	1.49	39.733	0.03	0.8	0	0	0	"Low income"	"Sub-Saharan Africa"
"MLT"	"Malta"	533293	18295134208	18.751	0.01	0.435	500	0	0	0	2.94	2.3	3750.284	2	86.957	3637.775	1.94	84.348	1.15	0	0	0	562.543	0.3	13.043	0.64	21.769	0	0	0	112.509	0.06	2.609	0.01	18.751	4312.826	562.543	0.3	13.043	0.29	12.609	0	0	0	"High income"	"Middle East & North Africa"
"MMR"	"Myanmar"	54179312	291025092608	4.983	0.27	1.324	483.57	40.052	2.17	10.642	19.07	20.39	190.479	10.32	50.613	148.212	8.03	39.382	9.86	179.035	9.7	47.572	185.864	10.07	49.387	-1.32	-6.922	0	0	0	2.215	0.12	0.589	0.27	4.983	376.343	185.864	10.07	49.387	0.1	0.49	0	0	0	"Lower middle income"	"East Asia & Pacific"
"MNE"	"Montenegro"	627082	12774400000	0	0	0	483.384	2471.766	1.55	46.828	3.18	3.31	2471.766	1.55	46.828	0	0	0	1.6	2312.297	1.45	43.807	2806.65	1.76	53.172	-0.13	-4.088	0	0	0	0	0	0	0	0	5278.417	2806.65	1.76	53.172	0	0	494.353	0.31	9.366	"Upper middle income"	"Europe & Central Asia"
"MNG"	"Mongolia"	3398373	44809465856	0	0	0	771.795	1936.221	6.58	84.359	9.64	7.8	2042.154	6.94	88.974	0	0	0	6.02	23.541	0.08	1.026	253.062	0.86	11.026	1.84	19.087	0	0	0	105.933	0.36	4.615	0	0	2295.216	253.062	0.86	11.026	0.17	2.179	179.498	0.61	7.821	"Lower middle income"	"East Asia & Pacific"
"MOZ"	"Mozambique"	32969520	31441725440	3.336	0.11	0.578	135.647	0	0	0	16.14	19.02	101.609	3.35	17.613	96.149	3.17	16.667	2.58	469.828	15.49	81.441	475.287	15.67	82.387	-2.88	-17.844	0	0	0	5.46	0.18	0.946	0.11	3.336	576.897	475.287	15.67	82.387	0.07	0.368	0	0	0	"Low income"	"Sub-Saharan Africa"
"MRT"	"Mauritania"	4736146	15674545152	0	0	0	464.706	0	0	0	1.89	1.7	251.259	1.19	70	0	0	0	0.79	44.34	0.21	12.353	107.682	0.51	30	0.19	10.053	0	0	0	251.259	1.19	70	0	0	358.942	107.682	0.51	30	0.14	8.235	33.783	0.16	9.412	"Lower middle income"	"Sub-Saharan Africa"
"MUS"	"Mauritius"	1299478	26988574720	284.73	0.37	10.541	632.479	1000.402	1.3	37.037	3.51	3.51	2177.797	2.83	80.627	0	0	0	2.22	100.04	0.13	3.704	523.287	0.68	19.373	0	0	0	0	0	1177.396	1.53	43.59	0.37	284.73	2701.084	523.287	0.68	19.373	0.16	4.558	15.391	0.02	0.57	"Upper middle income"	"Sub-Saharan Africa"
"MWI"	"Malawi"	20405318	26465351680	2.45	0.05	3.704	66.667	0	0	0	1.33	1.35	3.921	0.08	5.926	0	0	0	0.09	51.457	1.05	77.778	62.239	1.27	94.074	-0.02	-1.504	0	0	0	3.921	0.08	5.926	0.05	2.45	66.159	62.239	1.27	94.074	0.17	12.593	0	0	0	"Low income"	"Sub-Saharan Africa"
"MYS"	"Malaysia"	33938216	877584187392	33.885	1.15	0.635	605.831	2250.855	76.39	42.183	180.07	181.09	4316.667	146.5	80.899	2013.954	68.35	37.744	109.71	905.174	30.72	16.964	1019.205	34.59	19.101	-1.02	-0.566	0	0	0	51.859	1.76	0.972	1.153	33.986	5335.873	1019.205	34.59	19.101	2.72	1.502	0	0	0	"Upper middle income"	"East Asia & Pacific"
"NAM"	"Namibia"	2567024	21858732032	0	0	0	59.259	19.478	0.05	3.704	3.8	1.35	19.478	0.05	3.704	0	0	0	0.08	303.854	0.78	57.778	506.423	1.3	96.296	2.45	64.474	0	0	0	0	0	0	0	0	525.901	506.423	1.3	96.296	0.5	37.037	7.791	0.02	1.481	"Upper middle income"	"Sub-Saharan Africa"
"NER"	"Niger"	26207982	24776755200	0	0	0	670.886	8.013	0.21	26.582	1.96	0.79	28.236	0.74	93.671	2.289	0.06	7.595	0.53	0	0	0	1.908	0.05	6.329	1.17	59.694	0	0	0	17.933	0.47	59.494	0	0	30.143	1.908	0.05	6.329	0.05	6.329	0	0	0	"Low income"	"Sub-Saharan Africa"
"NGA"	"Nigeria"	218541216	1134448607232	0.092	0.02	0.054	516.225	0	0	0	36.98	36.98	132.561	28.97	78.34	132.561	28.97	78.34	19.09	36.332	7.94	21.471	36.652	8.01	21.66	0	0	0	0	0	0	0	0	0.02	0.092	169.213	36.652	8.01	21.66	0.05	0.135	0	0	0	"Lower middle income"	"Sub-Saharan Africa"
"NIC"	"Nicaragua"	6948395	32764782592	133.844	0.93	21.628	265.116	0	0	0	5.3	4.3	194.289	1.35	31.395	0	0	0	1.14	86.351	0.6	13.953	424.559	2.95	68.605	1	18.868	0	0	0	194.289	1.35	31.395	1.66	238.904	618.848	424.559	2.95	68.605	0.03	0.698	94.986	0.66	15.349	"Lower middle income"	"Latin America & Caribbean"
"NIU"	"Niue"	1952	NA	0	0	NA	NA	0	0	NA	0	0	0	0	NA	0	0	NA	0	0	0	NA	0	0	NA	0	NA	0	0	NA	0	0	NA	0	0	0	0	0	NA	0	NA	0	0	NA	NA	NA
"NLD"	"Netherlands"	17564020	879609118720	557.389	9.79	8.139	324.992	842.632	14.8	12.305	116.01	120.28	3855.04	67.71	56.294	2718.626	47.75	39.699	39.09	2.847	0.05	0.042	2993.051	52.57	43.706	-4.27	-3.681	236.848	4.16	3.459	293.782	5.16	4.29	9.79	557.389	6848.09	2756.203	48.41	40.248	17.08	14.2	1223.524	21.49	17.867	"High income"	"Europe & Central Asia"
"NOR"	"Norway"	5434324	482328444928	44.164	0.24	0.164	29.484	7.361	0.04	0.027	134	146.52	362.511	1.97	1.345	211.618	1.15	0.785	4.32	23598.152	128.24	87.524	26599.445	144.55	98.655	-12.52	-9.343	0	0	0	143.532	0.78	0.532	0.24	44.164	26961.955	26599.445	144.55	98.655	0.17	0.116	2925.847	15.9	10.852	"High income"	"Europe & Central Asia"
"NPL"	"Nepal"	30547586	95965913088	0	0	0	24.44	0	0	0	11.07	9.82	0	0	0	0	0	0	0.24	316.555	9.67	98.473	321.466	9.82	100	1.25	11.292	0	0	0	0	0	0	0	0	321.466	321.466	9.82	100	0.14	1.426	0.327	0.01	0.102	"Lower middle income"	"South Asia"
"NRU"	"Nauru"	12691	NA	0	0	0	750	0	0	0	0.04	0.04	3151.84	0.04	100	0	0	0	0.03	0	0	0	0	0	0	0	0	0	0	0	3151.84	0.04	100	0	0	3151.84	0	0	0	0	0	0	0	0	"High income"	"East Asia & Pacific"
"NZL"	"New Zealand"	5185289	200602763264	302.78	1.57	3.553	110.885	219.853	1.14	2.58	44.19	44.19	1126.263	5.84	13.216	786.841	4.08	9.233	4.9	4987.186	25.86	58.52	7395.923	38.35	86.784	0	0	0	0	0	119.569	0.62	1.403	9.39	1810.892	8522.187	7395.923	38.35	86.784	0.21	0.475	557.346	2.89	6.54	"High income"	"East Asia & Pacific"
"OMN"	"Oman"	4576300	177355014144	0	0	0	564.692	0	0	0	43.05	43.05	9348.163	42.78	99.373	9016.018	41.26	95.842	24.31	0	0	0	59	0.27	0.627	0	0	0	0	0	332.146	1.52	3.531	0	0	9407.163	59	0.27	0.627	0.27	0.627	0	0	0	"High income"	"Middle East & North Africa"
"PAK"	"Pakistan"	235824864	1318834929664	8.099	1.91	1.133	463.656	127.298	30.02	17.813	169.03	168.53	446.391	105.27	62.464	239.373	56.45	33.496	78.14	146.634	34.58	20.519	268.25	63.26	37.536	0.5	0.296	94.477	22.28	13.22	79.72	18.8	11.155	1.91	8.099	714.641	173.773	40.98	24.316	1.3	0.771	13.527	3.19	1.893	"Lower middle income"	"South Asia"
"PAN"	"Panama"	4408582	94762123264	6.805	0.03	0.225	161.677	124.757	0.55	4.117	12.93	13.36	660.076	2.91	21.781	401.49	1.77	13.249	2.16	2095.912	9.24	69.162	2370.377	10.45	78.219	-0.43	-3.326	0	0	0	133.83	0.59	4.416	0.03	6.805	3030.453	2370.377	10.45	78.219	0.65	4.865	120.22	0.53	3.967	"High income"	"Latin America & Caribbean"
"PER"	"Peru"	34049588	341677637632	17.621	0.6	1.041	251.735	4.405	0.15	0.26	57.68	57.64	654.046	22.27	38.636	638.774	21.75	37.734	14.51	943.917	32.14	55.76	1038.779	35.37	61.364	0.04	0.069	0	0	0	10.867	0.37	0.642	0.6	17.621	1692.825	1038.779	35.37	61.364	0.82	1.423	53.158	1.81	3.14	"Upper middle income"	"Latin America & Caribbean"
"PHL"	"Philippines"	115559008	1014811000832	10.817	1.25	1.106	601.097	577.627	66.75	59.066	113.01	113.01	764.458	88.34	78.17	168.745	19.5	17.255	67.93	78.575	9.08	8.035	213.484	24.67	21.83	0	0	0	0	0	18.086	2.09	1.849	12.74	110.247	977.942	213.484	24.67	21.83	1.58	1.398	10.99	1.27	1.124	"Lower middle income"	"East Asia & Pacific"
"PNG"	"Papua New Guinea"	10142625	NA	0.986	0.01	0.207	507.246	0	0	0	4.83	4.83	356.91	3.62	74.948	89.72	0.91	18.841	2.45	78.875	0.8	16.563	119.299	1.21	25.052	0	0	0	0	0	267.189	2.71	56.108	0.41	40.423	476.208	119.299	1.21	25.052	0	0	0	0	0	"Lower middle income"	"East Asia & Pacific"
"POL"	"Poland"	39857144	1231021277184	191.434	7.63	4.273	733.184	3129.427	124.73	69.857	176.87	178.55	3535.376	140.91	78.919	285.018	11.36	6.362	130.91	49.427	1.97	1.103	944.373	37.64	21.081	-1.68	-0.95	0	0	0	120.932	4.82	2.7	7.63	191.434	4479.749	944.373	37.64	21.081	8.31	4.654	495.018	19.73	11.05	"High income"	"Europe & Central Asia"
"PRK"	"North Korea"	26069416	40488849408	0	0	0	389.587	340.629	8.88	39.856	22.28	22.28	360.192	9.39	42.145	0	0	0	8.68	491.764	12.82	57.54	494.449	12.89	57.855	0	0	0	0	0	19.563	0.51	2.289	0	0	854.641	494.449	12.89	57.855	0.07	0.314	0	0	0	"Low income"	"East Asia & Pacific"
"PRT"	"Portugal"	10270857	295712915456	400.161	4.11	8.865	225.194	0	0	0	55.61	46.36	1822.633	18.72	40.38	1693.14	17.39	37.511	10.44	636.753	6.54	14.107	2691.109	27.64	59.62	9.25	16.634	0	0	0	129.493	1.33	2.869	4.3	418.66	4513.742	2691.109	27.64	59.62	3.52	7.593	1292.979	13.28	28.645	"High income"	"Europe & Central Asia"
"PRY"	"Paraguay"	6780745	65127632896	20.647	0.14	0.318	24.313	0	0	0	22.29	44.01	0	0	0	0	0	0	1.07	6469.791	43.87	99.682	6490.437	44.01	100	-21.72	-97.443	0	0	0	0	0	0	0.14	20.647	6490.437	6490.437	44.01	100	0	0	0	0	0	"Upper middle income"	"Latin America & Caribbean"
"QAT"	"Qatar"	2695131	381778100224	51.946	0.14	0.259	602.59	0	0	0	54.05	54.05	19999.029	53.9	99.722	19999.029	53.9	99.722	32.57	0	0	0	55.656	0.15	0.278	0	0	0	0	0	0	0	0	0.14	51.946	20054.684	55.656	0.15	0.278	0.01	0.019	0	0	0	"High income"	"Middle East & North Africa"
"ROU"	"Romania"	19659270	504741658624	33.063	0.65	1.188	297.935	527.487	10.37	18.954	55.93	54.71	1018.858	20.03	36.611	474.585	9.33	17.054	16.3	711.115	13.98	25.553	1764.053	34.68	63.389	1.22	2.181	564.11	11.09	20.271	16.786	0.33	0.603	0.65	33.063	2782.911	1199.943	23.59	43.118	1.99	3.637	354.54	6.97	12.74	"High income"	"Europe & Central Asia"
"RUS"	"Russia"	144713312	3731440795648	5.805	0.84	0.072	436.278	1328.834	192.3	16.479	1149.89	1166.94	5100.637	738.13	63.253	3689.432	533.91	45.753	509.11	1365.942	197.67	16.939	2963.169	428.81	36.747	-17.05	-1.483	1545.815	223.7	19.17	82.37	11.92	1.021	0.841	5.81	8063.805	1417.354	205.11	17.577	2.4	0.206	29.023	4.2	0.36	"Upper middle income"	"Europe & Central Asia"
"RWA"	"Rwanda"	13776702	28466253824	0	0	0	316.327	3.629	0.05	5.102	1	0.98	32.664	0.45	45.918	17.421	0.24	24.49	0.31	37.019	0.51	52.041	38.471	0.53	54.082	0.02	2	0	0	0	11.614	0.16	16.327	0	0	71.135	38.471	0.53	54.082	0.02	2.041	0	0	0	"Low income"	"Sub-Saharan Africa"
"SAU"	"Saudi Arabia"	36408824	1823886278656	0	0	0	706.791	0	0	0	401.54	401.59	11006.946	400.75	99.791	7398.481	269.37	67.076	283.84	NA	NA	NA	23.071	0.84	0.209	-0.05	-0.012	0	0	0	3608.466	131.38	32.715	0	0	11030.019	23.071	0.84	0.209	0.83	0.207	0.275	0.01	0.002	"High income"	"Middle East & North Africa"
"SDN"	"Sudan"	46874200	111839797248	2.347	0.11	0.616	263.158	0	0	0	18.79	17.86	143.149	6.71	37.57	0	0	0	4.7	234.671	11	61.59	237.871	11.15	62.43	0.93	4.949	0	0	0	143.149	6.71	37.57	0.11	2.347	381.02	237.871	11.15	62.43	0.04	0.224	0	0	0	"Low income"	"Sub-Saharan Africa"
"SEN"	"Senegal"	17316452	51913994240	6.352	0.11	1.418	511.598	27.142	0.47	6.057	8.09	7.76	332.632	5.76	74.227	1.732	0.03	0.387	3.97	17.902	0.31	3.995	115.497	2	25.773	0.33	4.079	0	0	0	303.757	5.26	67.784	0.11	6.352	448.129	115.497	2	25.773	0.84	10.825	42.734	0.74	9.536	"Lower middle income"	"Sub-Saharan Africa"
"SGP"	"Singapore"	5975689	461801127936	277.792	1.66	2.916	473.999	95.386	0.57	1.001	56.92	56.92	9135.349	54.59	95.907	8792.292	52.54	92.305	26.98	NA	NA	NA	389.913	2.33	4.093	0	0	0	0	0	247.67	1.48	2.6	1.003	167.92	9525.261	389.913	2.33	4.093	0.67	1.177	0	0	0	"High income"	"East Asia & Pacific"
"SLB"	"Solomon Islands"	724272	NA	0	0	0	700	0	0	0	0.1	0.1	138.07	0.1	100	0	0	0	0.07	0	0	0	0	0	0	0	0	0	0	0	138.07	0.1	100	0	0	138.07	0	0	0	0	0	0	0	0	"Lower middle income"	"East Asia & Pacific"
"SLE"	"Sierra Leone"	8605723	11681270784	0	0	0	50	0	0	0	0.2	0.2	1.162	0.01	5	0	0	0	0.01	20.916	0.18	90	22.078	0.19	95	0	0	0	0	0	1.162	0.01	5	0	0	23.24	22.078	0.19	95	0.01	5	0	0	0	"Low income"	"Sub-Saharan Africa"
"SLV"	"El Salvador"	6336393	59270934528	143.615	0.91	14.331	116.535	0	0	0	7.62	6.35	89.957	0.57	8.976	0	0	0	0.74	356.67	2.26	35.591	912.191	5.78	91.024	1.27	16.667	0	0	0	89.957	0.57	8.976	2.49	392.968	1002.147	912.191	5.78	91.024	1.03	16.22	0	0	0	"Upper middle income"	"Latin America & Caribbean"
"SOM"	"Somalia"	17597508	NA	0	0	0	578.947	0	0	0	0.38	0.38	19.321	0.34	89.474	0	0	0	0.22	0	0	0	2.273	0.04	10.526	0	0	0	0	0	19.321	0.34	89.474	0	0	21.594	2.273	0.04	10.526	0.03	7.895	0.568	0.01	2.632	"Low income"	"Sub-Saharan Africa"
"SRB"	"Serbia"	7221365	116834639872	31.85	0.23	0.64	695.688	3270.85	23.62	65.702	38.7	35.95	3518.725	25.41	70.682	247.876	1.79	4.979	25.01	1296.154	9.36	26.036	1459.558	10.54	29.318	2.75	7.106	0	0	0	0	0	0	0.23	31.85	4978.284	1459.558	10.54	29.318	0.01	0.028	130.169	0.94	2.615	"Upper middle income"	"Europe & Central Asia"
"SSD"	"South Sudan"	10913172	NA	0	0	0	629.032	0	0	0	0.62	0.62	54.979	0.6	96.774	0	0	0	0.39	0	0	0	1.833	0.02	3.226	0	0	0	0	0	54.979	0.6	96.774	0	0	56.812	1.833	0.02	3.226	0.02	3.226	0	0	0	"Low income"	"Sub-Saharan Africa"
"STP"	"Sao Tome and Principe"	227393	825238400	0	0	0	642.857	0	0	0	0.14	0.14	571.697	0.13	92.857	0	0	0	0.09	43.977	0.01	7.143	43.977	0.01	7.143	0	0	0	0	0	571.697	0.13	92.857	0	0	615.674	43.977	0.01	7.143	0	0	0	0	0	"Lower middle income"	"Sub-Saharan Africa"
"SUR"	"Suriname"	618046	NA	16.18	0.01	0.478	349.282	0	0	0	2.09	2.09	1747.443	1.08	51.675	32.36	0.02	0.957	0.73	1601.823	0.99	47.368	1634.183	1.01	48.325	0	0	0	0	0	1715.083	1.06	50.718	0.01	16.18	3381.625	1634.183	1.01	48.325	0.01	0.478	0	0	0	"Upper middle income"	"Latin America & Caribbean"
"SVK"	"Slovakia"	5643455	150360424448	264.023	1.49	5.614	142.05	287.058	1.62	6.104	27.95	26.54	850.543	4.8	18.086	372.112	2.1	7.913	3.77	652.083	3.68	13.866	3852.25	21.74	81.914	1.41	5.045	2820.967	15.92	59.985	191.372	1.08	4.069	1.49	264.023	4702.793	1031.283	5.82	21.929	0.65	2.449	0	0	0	"High income"	"Europe & Central Asia"
"SVN"	"Slovenia"	2119843	69385347072	122.651	0.26	1.946	257.485	1476.525	3.13	23.428	14.81	13.36	1735.978	3.68	27.545	231.149	0.49	3.668	3.44	1485.959	3.15	23.578	4566.376	9.68	72.455	1.45	9.791	2646.423	5.61	41.991	28.304	0.06	0.449	0.26	122.651	6302.354	1919.954	4.07	30.464	0.65	4.865	4.717	0.01	0.075	"High income"	"Europe & Central Asia"
"SWE"	"Sweden"	10549349	494214545408	1241.783	13.1	7.567	41.067	0.948	0.01	0.006	139.91	173.13	275.846	2.91	1.681	14.219	0.15	0.087	7.11	6623.158	69.87	40.357	16135.593	170.22	98.319	-33.22	-23.744	4923.526	51.94	30.001	260.68	2.75	1.588	13.1	1241.783	16411.439	11212.065	118.28	68.319	1.98	1.144	3159.437	33.33	19.251	"High income"	"Europe & Central Asia"
"SWZ"	"Eswatini"	1201680	9594910720	199.72	0.24	41.379	172.414	33.287	0.04	6.897	1.49	0.58	33.287	0.04	6.897	0	0	0	0.1	249.65	0.3	51.724	449.371	0.54	93.103	0.91	61.074	0	0	0	0	0	0	0.24	199.72	482.658	449.371	0.54	93.103	0	0	0	0	0	"Lower middle income"	"Sub-Saharan Africa"
"SYC"	"Seychelles"	107135	3053368064	0	0	0	564.516	0	0	0	0.62	0.62	4947.029	0.53	85.484	0	0	0	0.35	0	0	0	840.062	0.09	14.516	0	0	0	0	0	4947.029	0.53	85.484	0	0	5787.091	840.062	0.09	14.516	0.08	12.903	93.34	0.01	1.613	"High income"	"Sub-Saharan Africa"
"SYR"	"Syria"	22125242	52353138688	1.356	0.03	0.178	701.661	0	0	0	16.51	16.86	726.772	16.08	95.374	410.843	9.09	53.915	11.83	33.898	0.75	4.448	35.254	0.78	4.626	-0.35	-2.12	0	0	0	315.929	6.99	41.459	0.03	1.356	762.026	35.254	0.78	4.626	0	0	0	0	0	"Low income"	"Middle East & North Africa"
"TCD"	"Chad"	17723312	24118011904	0.564	0.01	2.857	628.571	0	0	0	0.35	0.35	18.62	0.33	94.286	0	0	0	0.22	0	0	0	1.128	0.02	5.714	0	0	0	0	0	18.62	0.33	94.286	0.01	0.564	19.748	1.128	0.02	5.714	0	0	0.564	0.01	2.857	"Low income"	"Sub-Saharan Africa"
"TGO"	"Togo"	8848700	14265659392	0	0	0	443.182	0	0	0	1.68	0.88	74.587	0.66	75	66.676	0.59	67.045	0.39	18.082	0.16	18.182	24.862	0.22	25	0.8	47.619	0	0	0	7.911	0.07	7.955	0	0	99.45	24.862	0.22	25	0.06	6.818	0	0	0	"Low income"	"Sub-Saharan Africa"
"THA"	"Thailand"	71697024	1124143726592	189.129	13.56	7.519	560.743	495.418	35.52	19.695	212.55	180.35	2118.498	151.89	84.22	1598.951	114.64	63.565	101.13	92.054	6.6	3.66	396.948	28.46	15.78	32.2	15.149	0	0	0	24.129	1.73	0.959	13.562	189.161	2515.446	396.948	28.46	15.78	4.88	2.706	47.701	3.42	1.896	"Upper middle income"	"East Asia & Pacific"
"TJK"	"Tajikistan"	9952789	50544009216	0	0	0	116.858	189.897	1.89	9.052	18.71	20.88	223.053	2.22	10.632	33.157	0.33	1.58	2.44	1874.851	18.66	89.368	1874.851	18.66	89.368	-2.17	-11.598	0	0	0	0	0	0	0	0	2097.904	1874.851	18.66	89.368	0	0	0	0	0	"Lower middle income"	"Europe & Central Asia"
"TKM"	"Turkmenistan"	6430777	97502945280	0	0	0	1306.025	0	0	0	19.87	23.07	3585.881	23.06	99.957	3585.881	23.06	99.957	30.13	1.555	0.01	0.043	1.555	0.01	0.043	-3.2	-16.105	0	0	0	0	0	0	0	0	3587.436	1.555	0.01	0.043	0	0	0	0	0	"Upper middle income"	"Europe & Central Asia"
"TLS"	"East Timor"	1341298	NA	0	0	0	666.667	0	0	0	0.51	0.51	380.229	0.51	100	0	0	0	0.34	0	0	0	0	0	0	0	0	0	0	0	380.229	0.51	100	0	0	380.229	0	0	0	0	0	0	0	0	"Lower middle income"	"East Asia & Pacific"
"TON"	"Tonga"	106867	NA	0	0	0	625	0	0	0	0.08	0.08	655.02	0.07	87.5	0	0	0	0.05	0	0	0	93.574	0.01	12.5	0	0	0	0	0	655.02	0.07	87.5	0	0	748.594	93.574	0.01	12.5	0.01	12.5	0	0	0	"Upper middle income"	"East Asia & Pacific"
"TTO"	"Trinidad and Tobago"	1531043	37513383936	0	0	0	681.529	0	0	0	9.42	9.42	6146.137	9.41	99.894	6120.011	9.37	99.469	6.42	0	0	0	6.531	0.01	0.106	0	0	0	0	0	26.126	0.04	0.425	0	0	6152.668	6.531	0.01	0.106	0.01	0.106	0	0	0	"High income"	"Latin America & Caribbean"
"TUN"	"Tunisia"	12356116	129457963008	0	0	0	564.623	0	0	0	23.77	21.2	1663.144	20.55	96.934	1660.716	20.52	96.792	11.97	0.809	0.01	0.047	52.606	0.65	3.066	2.57	10.812	0	0	0	2.428	0.03	0.142	0	0	1715.75	52.606	0.65	3.066	0.32	1.509	25.898	0.32	1.509	"Lower middle income"	"Middle East & North Africa"
"TUR"	"Turkey"	85341248	2385996414976	89.289	7.62	2.377	459.103	1331.361	113.62	35.444	323.29	320.56	2181.946	186.21	58.089	842.031	71.86	22.417	147.17	781.099	66.66	20.795	1574.268	134.35	41.911	2.73	0.844	0	0	0	8.554	0.73	0.228	17.84	209.043	3756.214	1574.268	134.35	41.911	15.16	4.729	406.486	34.69	10.822	"Upper middle income"	"Europe & Central Asia"
"TZA"	"Tanzania"	65497752	198220414976	1.069	0.07	0.776	339.246	0	0	0	9.17	9.02	92.828	6.08	67.406	92.522	6.06	67.184	3.06	43.055	2.82	31.264	44.887	2.94	32.594	0.15	1.636	0	0	0	0.305	0.02	0.222	0.07	1.069	137.715	44.887	2.94	32.594	0.05	0.554	0	0	0	"Lower middle income"	"Sub-Saharan Africa"
"UGA"	"Uganda"	47249588	101995421696	8.254	0.39	7.236	44.527	0	0	0	5.08	5.39	1.27	0.06	1.113	0	0	0	0.24	101.8	4.81	89.239	112.805	5.33	98.887	-0.31	-6.102	0	0	0	1.27	0.06	1.113	0.39	8.254	114.075	112.805	5.33	98.887	0.13	2.412	0	0	0	"Low income"	"Sub-Saharan Africa"
"UKR"	"Ukraine"	39701744	309166669824	12.594	0.5	0.444	259.693	624.406	24.79	21.994	111.83	112.71	818.604	32.5	28.835	181.856	7.22	6.406	29.27	279.585	11.1	9.848	2020.314	80.21	71.165	-0.88	-0.787	1563.407	62.07	55.071	12.342	0.49	0.435	0.498	12.545	2838.918	456.907	18.14	16.094	5.08	4.507	36.774	1.46	1.295	"Lower middle income"	"Europe & Central Asia"
"URY"	"Uruguay"	3422796	69066227712	829.731	2.84	18.709	112.648	0	0	0	13.08	15.18	400.258	1.37	9.025	0	0	0	1.71	1662.384	5.69	37.484	4034.713	13.81	90.975	-2.1	-16.055	0	0	0	400.258	1.37	9.025	2.84	829.731	4434.971	4034.713	13.81	90.975	0.5	3.294	1396.519	4.78	31.489	"High income"	"Latin America & Caribbean"
"USA"	"United States"	338289856	19493170446336	153.271	51.85	1.209	385.98	2457.981	831.51	19.396	4328.12	4286.91	7559.257	2557.22	59.652	4987.054	1687.07	39.354	1654.66	735.346	248.76	5.803	5113.041	1729.69	40.348	41.21	0.952	2280.707	771.54	17.998	114.222	38.64	0.901	70.01	206.953	12672.299	2832.334	958.15	22.351	205.08	4.784	1283.81	434.3	10.131	"High income"	"North America"
"UZB"	"Uzbekistan"	34627648	393572450304	0	0	0	1167.603	64.111	2.22	2.97	78.35	74.76	2015.153	69.78	93.339	1908.302	66.08	88.39	87.29	143.527	4.97	6.648	143.816	4.98	6.661	3.59	4.582	0	0	0	42.74	1.48	1.98	0	0	2158.969	143.816	4.98	6.661	0.01	0.013	0	0	0	"Lower middle income"	"Europe & Central Asia"
"VCT"	"Saint Vincent and the Grenadines"	103959	NA	0	0	0	529.412	0	0	0	0.17	0.17	1250.493	0.13	76.471	0	0	0	0.09	384.767	0.04	23.529	384.767	0.04	23.529	0	0	0	0	0	1250.493	0.13	76.471	0	0	1635.26	384.767	0.04	23.529	0	0	0	0	0	"Upper middle income"	"Latin America & Caribbean"
"VEN"	"Venezuela"	28301700	149682061312	0	0	0	185.802	0	0	0	84.66	84.66	667.098	18.88	22.301	468.17	13.25	15.651	15.73	2320.708	65.68	77.581	2324.242	65.78	77.699	0	0	0	0	0	198.928	5.63	6.65	0	0	2991.34	2324.242	65.78	77.699	0.01	0.012	3.18	0.09	0.106	"Upper middle income"	"Latin America & Caribbean"
"VNM"	"Vietnam"	98186856	833803845632	3.666	0.36	0.138	409.801	1026.41	100.78	38.765	260.87	259.98	1316.368	129.25	49.715	282.828	27.77	10.682	106.54	977.32	95.96	36.911	1331.441	130.73	50.285	0.89	0.341	0	0	0	7.129	0.7	0.269	0.361	3.676	2647.809	1331.441	130.73	50.285	26.37	10.143	81.885	8.04	3.093	"Lower middle income"	"East Asia & Pacific"
"VUT"	"Vanuatu"	326744	NA	0	0	0	571.429	0	0	0	0.07	0.07	183.63	0.06	85.714	0	0	0	0.04	0	0	0	30.605	0.01	14.286	0	0	0	0	0	183.63	0.06	85.714	0	0	214.235	30.605	0.01	14.286	0.01	14.286	0	0	0	"Lower middle income"	"East Asia & Pacific"
"WSM"	"Samoa"	222390	NA	0	0	0	473.684	0	0	0	0.19	0.19	584.559	0.13	68.421	0	0	0	0.09	179.864	0.04	21.053	269.796	0.06	31.579	0	0	0	0	0	584.559	0.13	68.421	0	0	854.355	269.796	0.06	31.579	0.02	10.526	0	0	0	"Lower middle income"	"East Asia & Pacific"
"YEM"	"Yemen"	33696612	60852994048	0	0	0	566.102	0	0	0	2.95	2.95	69.74	2.35	79.661	16.025	0.54	18.305	1.67	0	0	0	17.806	0.6	20.339	0	0	0	0	0	53.715	1.81	61.356	0	0	87.546	17.806	0.6	20.339	0.6	20.339	0	0	0	"Low income"	"Middle East & North Africa"
"ZAF"	"South Africa"	59893884	723559317504	7.179	0.43	0.18	729.672	3365.452	201.57	84.441	235.07	238.71	3426.894	205.25	85.983	0	0	0	174.18	51.758	3.1	1.299	558.655	33.46	14.017	-3.64	-1.548	168.632	10.1	4.231	61.442	3.68	1.542	0.43	7.182	3985.549	390.023	23.36	9.786	10.13	4.244	161.953	9.7	4.064	"Upper middle income"	"Sub-Saharan Africa"
"ZMB"	"Zambia"	20017670	68469604352	3.996	0.08	0.411	111.967	107.905	2.16	11.094	17.35	19.47	107.905	2.16	11.094	0	0	0	2.18	853.746	17.09	87.776	864.736	17.31	88.906	-2.12	-12.219	0	0	0	0	0	0	0.08	3.996	972.641	864.736	17.31	88.906	0.14	0.719	0	0	0	"Lower middle income"	"Sub-Saharan Africa"
"ZWE"	"Zimbabwe"	16320539	25901586432	6.127	0.1	1.12	297.872	178.916	2.92	32.699	10.69	8.93	178.916	2.92	32.699	0	0	0	2.66	360.282	5.88	65.845	368.248	6.01	67.301	1.76	16.464	0	0	0	0	0	0	0.1	6.127	547.163	368.248	6.01	67.301	0.03	0.336	0	0	0	"Lower middle income"	"Sub-Saharan Africa"
